{
    "loss": 19.404476165771484,
    "accuracy": 0.4313725531101227
}